[{"model": "auth.permission", "pk": 1, "fields": {"name": "Can add log entry", "content_type": 1, "codename": "add_logentry"}}, {"model": "auth.permission", "pk": 2, "fields": {"name": "Can change log entry", "content_type": 1, "codename": "change_logentry"}}, {"model": "auth.permission", "pk": 3, "fields": {"name": "Can delete log entry", "content_type": 1, "codename": "delete_logentry"}}, {"model": "auth.permission", "pk": 4, "fields": {"name": "Can view log entry", "content_type": 1, "codename": "view_logentry"}}, {"model": "auth.permission", "pk": 5, "fields": {"name": "Can add permission", "content_type": 2, "codename": "add_permission"}}, {"model": "auth.permission", "pk": 6, "fields": {"name": "Can change permission", "content_type": 2, "codename": "change_permission"}}, {"model": "auth.permission", "pk": 7, "fields": {"name": "Can delete permission", "content_type": 2, "codename": "delete_permission"}}, {"model": "auth.permission", "pk": 8, "fields": {"name": "Can view permission", "content_type": 2, "codename": "view_permission"}}, {"model": "auth.permission", "pk": 9, "fields": {"name": "Can add group", "content_type": 3, "codename": "add_group"}}, {"model": "auth.permission", "pk": 10, "fields": {"name": "Can change group", "content_type": 3, "codename": "change_group"}}, {"model": "auth.permission", "pk": 11, "fields": {"name": "Can delete group", "content_type": 3, "codename": "delete_group"}}, {"model": "auth.permission", "pk": 12, "fields": {"name": "Can view group", "content_type": 3, "codename": "view_group"}}, {"model": "auth.permission", "pk": 13, "fields": {"name": "Can add content type", "content_type": 4, "codename": "add_contenttype"}}, {"model": "auth.permission", "pk": 14, "fields": {"name": "Can change content type", "content_type": 4, "codename": "change_contenttype"}}, {"model": "auth.permission", "pk": 15, "fields": {"name": "Can delete content type", "content_type": 4, "codename": "delete_contenttype"}}, {"model": "auth.permission", "pk": 16, "fields": {"name": "Can view content type", "content_type": 4, "codename": "view_contenttype"}}, {"model": "auth.permission", "pk": 17, "fields": {"name": "Can add session", "content_type": 5, "codename": "add_session"}}, {"model": "auth.permission", "pk": 18, "fields": {"name": "Can change session", "content_type": 5, "codename": "change_session"}}, {"model": "auth.permission", "pk": 19, "fields": {"name": "Can delete session", "content_type": 5, "codename": "delete_session"}}, {"model": "auth.permission", "pk": 20, "fields": {"name": "Can view session", "content_type": 5, "codename": "view_session"}}, {"model": "auth.permission", "pk": 21, "fields": {"name": "Can add product category", "content_type": 6, "codename": "add_productcategory"}}, {"model": "auth.permission", "pk": 22, "fields": {"name": "Can change product category", "content_type": 6, "codename": "change_productcategory"}}, {"model": "auth.permission", "pk": 23, "fields": {"name": "Can delete product category", "content_type": 6, "codename": "delete_productcategory"}}, {"model": "auth.permission", "pk": 24, "fields": {"name": "Can view product category", "content_type": 6, "codename": "view_productcategory"}}, {"model": "auth.permission", "pk": 25, "fields": {"name": "Can add product", "content_type": 7, "codename": "add_product"}}, {"model": "auth.permission", "pk": 26, "fields": {"name": "Can change product", "content_type": 7, "codename": "change_product"}}, {"model": "auth.permission", "pk": 27, "fields": {"name": "Can delete product", "content_type": 7, "codename": "delete_product"}}, {"model": "auth.permission", "pk": 28, "fields": {"name": "Can view product", "content_type": 7, "codename": "view_product"}}, {"model": "auth.permission", "pk": 29, "fields": {"name": "Can add user", "content_type": 8, "codename": "add_shopuser"}}, {"model": "auth.permission", "pk": 30, "fields": {"name": "Can change user", "content_type": 8, "codename": "change_shopuser"}}, {"model": "auth.permission", "pk": 31, "fields": {"name": "Can delete user", "content_type": 8, "codename": "delete_shopuser"}}, {"model": "auth.permission", "pk": 32, "fields": {"name": "Can view user", "content_type": 8, "codename": "view_shopuser"}}, {"model": "auth.permission", "pk": 33, "fields": {"name": "Can add shop user profile", "content_type": 9, "codename": "add_shopuserprofile"}}, {"model": "auth.permission", "pk": 34, "fields": {"name": "Can change shop user profile", "content_type": 9, "codename": "change_shopuserprofile"}}, {"model": "auth.permission", "pk": 35, "fields": {"name": "Can delete shop user profile", "content_type": 9, "codename": "delete_shopuserprofile"}}, {"model": "auth.permission", "pk": 36, "fields": {"name": "Can view shop user profile", "content_type": 9, "codename": "view_shopuserprofile"}}, {"model": "auth.permission", "pk": 37, "fields": {"name": "Can add basket", "content_type": 10, "codename": "add_basket"}}, {"model": "auth.permission", "pk": 38, "fields": {"name": "Can change basket", "content_type": 10, "codename": "change_basket"}}, {"model": "auth.permission", "pk": 39, "fields": {"name": "Can delete basket", "content_type": 10, "codename": "delete_basket"}}, {"model": "auth.permission", "pk": 40, "fields": {"name": "Can view basket", "content_type": 10, "codename": "view_basket"}}, {"model": "auth.permission", "pk": 41, "fields": {"name": "Can add association", "content_type": 11, "codename": "add_association"}}, {"model": "auth.permission", "pk": 42, "fields": {"name": "Can change association", "content_type": 11, "codename": "change_association"}}, {"model": "auth.permission", "pk": 43, "fields": {"name": "Can delete association", "content_type": 11, "codename": "delete_association"}}, {"model": "auth.permission", "pk": 44, "fields": {"name": "Can view association", "content_type": 11, "codename": "view_association"}}, {"model": "auth.permission", "pk": 45, "fields": {"name": "Can add code", "content_type": 12, "codename": "add_code"}}, {"model": "auth.permission", "pk": 46, "fields": {"name": "Can change code", "content_type": 12, "codename": "change_code"}}, {"model": "auth.permission", "pk": 47, "fields": {"name": "Can delete code", "content_type": 12, "codename": "delete_code"}}, {"model": "auth.permission", "pk": 48, "fields": {"name": "Can view code", "content_type": 12, "codename": "view_code"}}, {"model": "auth.permission", "pk": 49, "fields": {"name": "Can add nonce", "content_type": 13, "codename": "add_nonce"}}, {"model": "auth.permission", "pk": 50, "fields": {"name": "Can change nonce", "content_type": 13, "codename": "change_nonce"}}, {"model": "auth.permission", "pk": 51, "fields": {"name": "Can delete nonce", "content_type": 13, "codename": "delete_nonce"}}, {"model": "auth.permission", "pk": 52, "fields": {"name": "Can view nonce", "content_type": 13, "codename": "view_nonce"}}, {"model": "auth.permission", "pk": 53, "fields": {"name": "Can add user social auth", "content_type": 14, "codename": "add_usersocialauth"}}, {"model": "auth.permission", "pk": 54, "fields": {"name": "Can change user social auth", "content_type": 14, "codename": "change_usersocialauth"}}, {"model": "auth.permission", "pk": 55, "fields": {"name": "Can delete user social auth", "content_type": 14, "codename": "delete_usersocialauth"}}, {"model": "auth.permission", "pk": 56, "fields": {"name": "Can view user social auth", "content_type": 14, "codename": "view_usersocialauth"}}, {"model": "auth.permission", "pk": 57, "fields": {"name": "Can add partial", "content_type": 15, "codename": "add_partial"}}, {"model": "auth.permission", "pk": 58, "fields": {"name": "Can change partial", "content_type": 15, "codename": "change_partial"}}, {"model": "auth.permission", "pk": 59, "fields": {"name": "Can delete partial", "content_type": 15, "codename": "delete_partial"}}, {"model": "auth.permission", "pk": 60, "fields": {"name": "Can view partial", "content_type": 15, "codename": "view_partial"}}, {"model": "auth.permission", "pk": 61, "fields": {"name": "Can add \u0437\u0430\u043a\u0430\u0437", "content_type": 16, "codename": "add_order"}}, {"model": "auth.permission", "pk": 62, "fields": {"name": "Can change \u0437\u0430\u043a\u0430\u0437", "content_type": 16, "codename": "change_order"}}, {"model": "auth.permission", "pk": 63, "fields": {"name": "Can delete \u0437\u0430\u043a\u0430\u0437", "content_type": 16, "codename": "delete_order"}}, {"model": "auth.permission", "pk": 64, "fields": {"name": "Can view \u0437\u0430\u043a\u0430\u0437", "content_type": 16, "codename": "view_order"}}, {"model": "auth.permission", "pk": 65, "fields": {"name": "Can add order item", "content_type": 17, "codename": "add_orderitem"}}, {"model": "auth.permission", "pk": 66, "fields": {"name": "Can change order item", "content_type": 17, "codename": "change_orderitem"}}, {"model": "auth.permission", "pk": 67, "fields": {"name": "Can delete order item", "content_type": 17, "codename": "delete_orderitem"}}, {"model": "auth.permission", "pk": 68, "fields": {"name": "Can view order item", "content_type": 17, "codename": "view_orderitem"}}, {"model": "sessions.session", "pk": "4b1kn0ur96csfxc8j6fdhz5e1dk8dv5b", "fields": {"session_data": "OGE1MDdiNDQ2OTAwYWVlMTA0ZDcwNWJjYjI4NjQzOTQ3Y2EzNGVlZjp7Il9hdXRoX3VzZXJfaWQiOiIxIiwiX2F1dGhfdXNlcl9iYWNrZW5kIjoiZGphbmdvLmNvbnRyaWIuYXV0aC5iYWNrZW5kcy5Nb2RlbEJhY2tlbmQiLCJfYXV0aF91c2VyX2hhc2giOiIyNGExM2I3MmVmOTcyMGMyZTNjZjdkZGU0M2IyMTY4MDUxZTYxYzEzIn0=", "expire_date": "2020-09-15T17:23:27.045Z"}}, {"model": "sessions.session", "pk": "8uxqgkoe9to8877txagghet82g45gh0v", "fields": {"session_data": "OGE1MDdiNDQ2OTAwYWVlMTA0ZDcwNWJjYjI4NjQzOTQ3Y2EzNGVlZjp7Il9hdXRoX3VzZXJfaWQiOiIxIiwiX2F1dGhfdXNlcl9iYWNrZW5kIjoiZGphbmdvLmNvbnRyaWIuYXV0aC5iYWNrZW5kcy5Nb2RlbEJhY2tlbmQiLCJfYXV0aF91c2VyX2hhc2giOiIyNGExM2I3MmVmOTcyMGMyZTNjZjdkZGU0M2IyMTY4MDUxZTYxYzEzIn0=", "expire_date": "2020-09-13T10:55:42.685Z"}}, {"model": "sessions.session", "pk": "aqz4fupp8w3dd9domc7bpkkc44uoxfiv", "fields": {"session_data": "OGE1MDdiNDQ2OTAwYWVlMTA0ZDcwNWJjYjI4NjQzOTQ3Y2EzNGVlZjp7Il9hdXRoX3VzZXJfaWQiOiIxIiwiX2F1dGhfdXNlcl9iYWNrZW5kIjoiZGphbmdvLmNvbnRyaWIuYXV0aC5iYWNrZW5kcy5Nb2RlbEJhY2tlbmQiLCJfYXV0aF91c2VyX2hhc2giOiIyNGExM2I3MmVmOTcyMGMyZTNjZjdkZGU0M2IyMTY4MDUxZTYxYzEzIn0=", "expire_date": "2020-09-12T12:05:06.820Z"}}, {"model": "sessions.session", "pk": "u7d42uot8lxklesa9mm79v2zre9ek0v7", "fields": {"session_data": "OGE1MDdiNDQ2OTAwYWVlMTA0ZDcwNWJjYjI4NjQzOTQ3Y2EzNGVlZjp7Il9hdXRoX3VzZXJfaWQiOiIxIiwiX2F1dGhfdXNlcl9iYWNrZW5kIjoiZGphbmdvLmNvbnRyaWIuYXV0aC5iYWNrZW5kcy5Nb2RlbEJhY2tlbmQiLCJfYXV0aF91c2VyX2hhc2giOiIyNGExM2I3MmVmOTcyMGMyZTNjZjdkZGU0M2IyMTY4MDUxZTYxYzEzIn0=", "expire_date": "2020-09-13T16:02:01.657Z"}}, {"model": "sessions.session", "pk": "xy12q0eg1b9jsd0q5vqt5redqlr5oga5", "fields": {"session_data": "OGE1MDdiNDQ2OTAwYWVlMTA0ZDcwNWJjYjI4NjQzOTQ3Y2EzNGVlZjp7Il9hdXRoX3VzZXJfaWQiOiIxIiwiX2F1dGhfdXNlcl9iYWNrZW5kIjoiZGphbmdvLmNvbnRyaWIuYXV0aC5iYWNrZW5kcy5Nb2RlbEJhY2tlbmQiLCJfYXV0aF91c2VyX2hhc2giOiIyNGExM2I3MmVmOTcyMGMyZTNjZjdkZGU0M2IyMTY4MDUxZTYxYzEzIn0=", "expire_date": "2020-09-12T16:48:39.802Z"}}, {"model": "sessions.session", "pk": "yipqclfv55gs09bpz7ooh4qjzuap1bbq", "fields": {"session_data": "OGE1MDdiNDQ2OTAwYWVlMTA0ZDcwNWJjYjI4NjQzOTQ3Y2EzNGVlZjp7Il9hdXRoX3VzZXJfaWQiOiIxIiwiX2F1dGhfdXNlcl9iYWNrZW5kIjoiZGphbmdvLmNvbnRyaWIuYXV0aC5iYWNrZW5kcy5Nb2RlbEJhY2tlbmQiLCJfYXV0aF91c2VyX2hhc2giOiIyNGExM2I3MmVmOTcyMGMyZTNjZjdkZGU0M2IyMTY4MDUxZTYxYzEzIn0=", "expire_date": "2020-09-14T17:50:43.530Z"}}, {"model": "mainapp.productcategory", "pk": 2, "fields": {"name": "\u0434\u043e\u043c", "description": "\u043e\u0442\u043b\u0438\u0447\u043d\u0430\u044f \u043c\u0435\u0431\u0435\u043b\u044c \u0434\u043b\u044f \u0434\u043e\u043c\u0430\u0448\u043d\u0435\u0433\u043e \u0438\u043d\u0442\u0435\u0440\u044c\u0435\u0440\u0430.", "is_active": true}}, {"model": "mainapp.productcategory", "pk": 3, "fields": {"name": "\u043e\u0444\u0438\u0441", "description": "\u0441\u0442\u0438\u043b\u044c\u043d\u0430\u044f \u0438 \u043d\u0430\u0434\u0435\u0436\u043d\u0430\u044f \u043e\u0444\u0438\u0441\u043d\u0430\u044f \u043c\u0435\u0431\u0435\u043b\u044c \u043d\u043e\u0432\u043e\u0433\u043e \u043f\u043e\u043a\u043e\u043b\u0435\u043d\u0438\u044f.", "is_active": true}}, {"model": "mainapp.productcategory", "pk": 4, "fields": {"name": "\u043c\u043e\u0434\u0435\u0440\u043d", "description": "\u043c\u0435\u0431\u0435\u043b\u044c \u0432 \u0441\u0442\u0438\u043b\u0435 \u041c\u041e\u0414\u0415\u0420\u041d \u043f\u043e\u0434\u043e\u0439\u0434\u0435\u0442 \u0434\u043b\u044f \u043b\u044e\u0431\u043e\u0433\u043e \u0438\u043d\u0442\u0435\u0440\u044c\u0435\u0440\u0430.", "is_active": true}}, {"model": "mainapp.productcategory", "pk": 5, "fields": {"name": "\u043a\u043b\u0430\u0441\u0441\u0438\u043a\u0430", "description": "\u043a\u043b\u0430\u0441\u0441\u0438\u0447\u0435\u0441\u043a\u0438\u0439 \u0441\u0442\u0438\u043b\u044c \u0430\u043a\u0442\u0443\u0430\u043b\u0435\u043d \u0432 \u043b\u044e\u0431\u044b\u0435 \u0432\u0440\u0435\u043c\u0435\u043d\u0430.", "is_active": true}}, {"model": "mainapp.product", "pk": 1, "fields": {"category": 2, "name": "\u043a\u043e\u043c\u0444\u043e\u0440\u0442 1", "image": "products_images/product-1.jpg", "short_desc": "\u043a\u043e\u043c\u0444\u043e\u0440\u0442\u043d\u044b\u0439 \u0441\u0442\u0443\u043b", "description": "\u043f\u043e\u0434\u043e\u0439\u0434\u0435\u0442 \u0434\u043b\u044f \u043f\u0440\u043e\u0441\u043c\u043e\u0442\u0440\u0430 \u0444\u0438\u043b\u044c\u043c\u043e\u0432", "price": "2989.50", "quantity": 14, "is_active": true}}, {"model": "mainapp.product", "pk": 2, "fields": {"category": 2, "name": "\u043a\u043e\u043c\u0444\u043e\u0440\u0442 2", "image": "products_images/product-2.jpg", "short_desc": "\u043e\u0447\u0435\u043d\u044c \u043a\u043e\u043c\u0444\u043e\u0440\u0442\u043d\u044b\u0439 \u0441\u0442\u0443\u043b", "description": "\u043f\u043e\u0434\u043e\u0439\u0434\u0435\u0442 \u0434\u043b\u044f \u043e\u0431\u0449\u0435\u043d\u0438\u044f \u0441 \u0434\u0440\u0443\u0437\u044c\u044f\u043c\u0438", "price": "3687.20", "quantity": 22, "is_active": true}}, {"model": "mainapp.product", "pk": 3, "fields": {"category": 2, "name": "\u043b\u044e\u043a\u0441", "image": "products_images/product-3.jpg", "short_desc": "\u0438\u0441\u043f\u043e\u043b\u044c\u0437\u043e\u0432\u0430\u043d\u044b \u043f\u0440\u0435\u043c\u0438\u0430\u043b\u044c\u043d\u044b\u0435 \u043c\u0430\u0442\u0435\u0440\u0438\u0430\u043b\u044b", "description": "\u0434\u043b\u044f \u0442\u0435\u0445, \u043a\u0442\u043e \u0441\u0442\u0440\u0435\u043c\u0438\u0442\u0441\u044f \u043a \u043b\u0443\u0447\u0448\u0435\u043c\u0443", "price": "8157.99", "quantity": 1, "is_active": true}}, {"model": "mainapp.product", "pk": 4, "fields": {"category": 3, "name": "\u0441\u0442\u0430\u043d\u0434\u0430\u0440\u0442", "image": "products_images/product-4.jpg", "short_desc": "\u0443\u043d\u0438\u0432\u0435\u0440\u0441\u0430\u043b\u044c\u043d\u043e\u0435 \u0440\u0435\u0448\u0435\u043d\u0438\u0435", "description": "\u043f\u043e\u0434\u043e\u0439\u0434\u0435\u0442 \u0434\u043b\u044f \u043b\u044e\u0431\u043e\u0433\u043e \u043e\u0444\u0438\u0441\u0430", "price": "1895.25", "quantity": 22, "is_active": true}}, {"model": "mainapp.product", "pk": 5, "fields": {"category": 3, "name": "\u043f\u0440\u0435\u043c\u0438\u0443\u043c", "image": "products_images/product-5.jpg", "short_desc": "\u0443\u043b\u0443\u0447\u0448\u0435\u043d\u043d\u044b\u0439 \u0434\u0438\u0437\u0430\u0439\u043d", "description": "\u0438\u0434\u0435\u0430\u043b\u044c\u043d\u043e \u0432\u043f\u0438\u0448\u0435\u0442\u0441\u044f \u0432 \u0441\u0442\u0440\u043e\u0433\u0438\u0439 \u0438\u043d\u0442\u0435\u0440\u044c\u0435\u0440 \u043e\u0444\u0438\u0441\u0430", "price": "3587.41", "quantity": 11, "is_active": true}}, {"model": "mainapp.product", "pk": 6, "fields": {"category": 4, "name": "\u043d\u043e\u0432\u0438\u043d\u043a\u0430", "image": "products_images/product-6.jpg", "short_desc": "\u0438\u043d\u043d\u043e\u0432\u0430\u0446\u0438\u043e\u043d\u043d\u044b\u0439 \u0434\u0438\u0437\u0430\u0439\u043d", "description": "\u043d\u0435\u0441\u0442\u0430\u043d\u0434\u0430\u0440\u0442\u043d\u043e\u0435 \u0440\u0435\u0448\u0435\u043d\u0438\u0435 \u0434\u043b\u044f \u0441\u043e\u0432\u0440\u0435\u043c\u0435\u043d\u043d\u043e\u0433\u043e \u0438\u043d\u0442\u0435\u0440\u044c\u0435\u0440\u0430", "price": "5361.47", "quantity": 15, "is_active": true}}, {"model": "mainapp.product", "pk": 7, "fields": {"category": 4, "name": "\u043f\u0440\u043e\u0433\u0440\u0435\u0441\u0441", "image": "products_images/product-7.jpg", "short_desc": "\u043f\u0440\u043e\u0433\u0440\u0435\u0441\u0441\u0438\u0432\u043d\u044b\u0439 \u0434\u0438\u0437\u0430\u0439\u043d", "description": "\u0444\u0443\u043d\u043a\u0446\u0438\u043e\u043d\u0430\u043b\u044c\u043d\u043e\u0435 \u0438 \u043a\u043e\u043c\u0444\u043e\u0440\u0442\u043d\u043e\u0435 \u0440\u0435\u0448\u0435\u043d\u0438\u0435", "price": "6789.33", "quantity": 7, "is_active": true}}, {"model": "mainapp.product", "pk": 8, "fields": {"category": 5, "name": "\u0432\u0435\u043d\u0435\u0446\u0438\u044f", "image": "products_images/product-8.jpg", "short_desc": "\u043a\u043b\u0430\u0441\u0441\u0438\u0447\u0435\u0441\u043a\u0438\u0435 \u0444\u043e\u0440\u043c\u044b", "description": "\u043e\u043a\u0443\u043d\u0438\u0442\u0435\u0441\u044c \u0432 \u0435\u0432\u0440\u043e\u043f\u0435\u0439\u0441\u043a\u0438\u0439 \u043a\u043e\u043c\u0444\u043e\u0440\u0442", "price": "4147.51", "quantity": 28, "is_active": true}}, {"model": "mainapp.product", "pk": 9, "fields": {"category": 5, "name": "\u0442\u043e\u0441\u043a\u0430\u043d\u0430", "image": "products_images/product-9.jpg", "short_desc": "\u044d\u0440\u0433\u043e\u043d\u043e\u043c\u0438\u0447\u043d\u0430\u044f \u0441\u043f\u0438\u043d\u043a\u0430", "description": "\u043f\u043e\u0447\u0443\u0432\u0441\u0442\u0432\u0443\u0439\u0442\u0435 \u043a\u043e\u043c\u0444\u043e\u0440\u0442 \u0438 \u043d\u0430\u0441\u043b\u0430\u0434\u0438\u0442\u0435\u0441\u044c \u0446\u0432\u0435\u0442\u043e\u0432\u043e\u0439 \u0433\u0430\u043c\u043c\u043e\u0439", "price": "7147.35", "quantity": 18, "is_active": true}}, {"model": "mainapp.product", "pk": 10, "fields": {"category": 5, "name": "\u0440\u0438\u043c", "image": "products_images/product-10.jpg", "short_desc": "\u0443\u0434\u0430\u0447\u043d\u044b\u0435 \u043f\u0440\u043e\u043f\u043e\u0440\u0446\u0438\u0438", "description": "\u043a\u043e\u043c\u043f\u0430\u043a\u0442\u043d\u043e\u0441\u0442\u044c \u0438 \u0444\u0443\u043d\u043a\u0446\u0438\u043e\u043d\u0430\u043b\u044c\u043d\u043e\u0441\u0442\u044c", "price": "8357.77", "quantity": 1, "is_active": true}}, {"model": "authapp.shopuser", "pk": 1, "fields": {"password": "pbkdf2_sha256$180000$iZtJsLpTdUEk$VWYjA+v52EyFqXCjGYGFo2IicltM76hVpPWHWgNtWeQ=", "last_login": "2020-09-01T17:23:27.004Z", "is_superuser": true, "username": "django", "first_name": "", "last_name": "", "email": "django@geekshop.local", "is_staff": true, "is_active": true, "date_joined": "2020-08-29T11:27:00.754Z", "avatar": "users_avatars/admin_Rh6GrhO.jpg", "age": 33, "sex": "male", "activation_key": "", "activation_key_expires": "2020-08-31T11:27:00.552Z", "groups": [], "user_permissions": []}}, {"model": "authapp.shopuser", "pk": 2, "fields": {"password": "!qNh7f9Xx3MIXCNOMtfQvK0mItTmRaxwZkx1ENu4F", "last_login": "2020-08-29T15:23:27.350Z", "is_superuser": false, "username": "id509711218", "first_name": "\u0412\u0430\u0441\u0438\u043b\u0438\u0439", "last_name": "\u041a\u043e\u043d\u0434\u0440\u0430\u0442\u044c\u0435\u0432", "email": "", "is_staff": false, "is_active": true, "date_joined": "2020-08-29T11:46:51.463Z", "avatar": "", "age": 18, "sex": "other", "activation_key": "", "activation_key_expires": "2020-08-31T11:46:26.466Z", "groups": [], "user_permissions": []}}, {"model": "authapp.shopuser", "pk": 3, "fields": {"password": "pbkdf2_sha256$180000$poOakyQ1Lwnk$YlgS52U5yEIimj8NtIeg9kHXcMsKJRFUkkPc+NAimCE=", "last_login": "2020-08-29T16:48:02Z", "is_superuser": false, "username": "django_1", "first_name": "django_1", "last_name": "", "email": "django_1@gb.local", "is_staff": false, "is_active": true, "date_joined": "2020-08-29T11:47:54Z", "avatar": "users_avatars/user_1_2GumBxP.jpg", "age": 23, "sex": "other", "activation_key": "9ce1d5a9a9f727c79cc2a58f762b9eeaa98f44e7", "activation_key_expires": "2020-08-31T11:46:26Z", "groups": [], "user_permissions": []}}, {"model": "authapp.shopuser", "pk": 4, "fields": {"password": "pbkdf2_sha256$180000$ugWEMVE4Seiy$Ax3XMG2k2+3gxZNgbWM1zWsli9XpqFCkSbNyQR4TnaU=", "last_login": "2020-08-29T16:48:23Z", "is_superuser": false, "username": "django_2", "first_name": "django_2", "last_name": "", "email": "django_2@gb.local", "is_staff": false, "is_active": true, "date_joined": "2020-08-29T11:49:29Z", "avatar": "users_avatars/user_2_GNIidkv.jpg", "age": 34, "sex": "other", "activation_key": "5a3bcebb2df73486457c9e09b70d3e838a8d8ed1", "activation_key_expires": "2020-08-31T11:46:26Z", "groups": [], "user_permissions": []}}, {"model": "authapp.shopuserprofile", "pk": 1, "fields": {"user": 1, "tagline": "", "aboutMe": "", "gender": "M"}}, {"model": "authapp.shopuserprofile", "pk": 2, "fields": {"user": 2, "tagline": "", "aboutMe": "", "gender": "M"}}, {"model": "authapp.shopuserprofile", "pk": 3, "fields": {"user": 3, "tagline": "", "aboutMe": "", "gender": ""}}, {"model": "authapp.shopuserprofile", "pk": 4, "fields": {"user": 4, "tagline": "", "aboutMe": "", "gender": ""}}, {"model": "basketapp.basket", "pk": 21, "fields": {"user": 3, "product": 1, "quantity": 1, "add_datetime": "2020-08-29T14:29:40.256Z"}}, {"model": "basketapp.basket", "pk": 22, "fields": {"user": 3, "product": 9, "quantity": 1, "add_datetime": "2020-08-29T14:29:40.670Z"}}, {"model": "basketapp.basket", "pk": 23, "fields": {"user": 3, "product": 4, "quantity": 1, "add_datetime": "2020-08-29T14:29:41.035Z"}}, {"model": "basketapp.basket", "pk": 24, "fields": {"user": 3, "product": 5, "quantity": 1, "add_datetime": "2020-08-29T14:29:41.348Z"}}, {"model": "basketapp.basket", "pk": 25, "fields": {"user": 4, "product": 8, "quantity": 2, "add_datetime": "2020-08-29T14:29:53.897Z"}}, {"model": "basketapp.basket", "pk": 26, "fields": {"user": 4, "product": 2, "quantity": 1, "add_datetime": "2020-08-29T14:29:54.271Z"}}, {"model": "basketapp.basket", "pk": 27, "fields": {"user": 4, "product": 6, "quantity": 1, "add_datetime": "2020-08-29T14:29:54.589Z"}}, {"model": "basketapp.basket", "pk": 28, "fields": {"user": 4, "product": 3, "quantity": 1, "add_datetime": "2020-08-29T14:29:55.184Z"}}, {"model": "basketapp.basket", "pk": 29, "fields": {"user": 4, "product": 5, "quantity": 1, "add_datetime": "2020-08-29T14:29:55.490Z"}}, {"model": "basketapp.basket", "pk": 30, "fields": {"user": 4, "product": 10, "quantity": 1, "add_datetime": "2020-08-29T14:29:55.782Z"}}, {"model": "basketapp.basket", "pk": 31, "fields": {"user": 2, "product": 3, "quantity": 1, "add_datetime": "2020-08-29T14:30:46.648Z"}}, {"model": "basketapp.basket", "pk": 32, "fields": {"user": 2, "product": 2, "quantity": 1, "add_datetime": "2020-08-29T14:30:47.015Z"}}, {"model": "basketapp.basket", "pk": 33, "fields": {"user": 2, "product": 5, "quantity": 1, "add_datetime": "2020-08-29T14:30:47.487Z"}}, {"model": "basketapp.basket", "pk": 64, "fields": {"user": 1, "product": 6, "quantity": 1, "add_datetime": "2020-09-01T18:44:46.260Z"}}, {"model": "basketapp.basket", "pk": 65, "fields": {"user": 1, "product": 10, "quantity": 1, "add_datetime": "2020-09-01T18:44:46.901Z"}}, {"model": "basketapp.basket", "pk": 66, "fields": {"user": 1, "product": 3, "quantity": 1, "add_datetime": "2020-09-01T18:44:47.435Z"}}, {"model": "basketapp.basket", "pk": 67, "fields": {"user": 1, "product": 7, "quantity": 1, "add_datetime": "2020-09-01T18:44:48.031Z"}}, {"model": "social_django.usersocialauth", "pk": 1, "fields": {"user": 2, "provider": "vk-oauth2", "uid": "509711218", "extra_data": "{\"auth_time\": 1598714607, \"id\": 509711218, \"expires\": 86400, \"access_token\": \"4230fd28fe1436e7a89ad147dda48cf0dec3356964eee3c0d63f8cc20170327a1b2bfc763c58ff1883205\", \"token_type\": null}", "created": "2020-08-29T11:46:51.658Z", "modified": "2020-08-29T15:23:27.301Z"}}, {"model": "ordersapp.order", "pk": 1, "fields": {"user": 1, "created": "2020-08-29T16:47:25.646Z", "updated": "2020-08-29T16:53:22.825Z", "status": "FM", "is_active": false}}, {"model": "ordersapp.order", "pk": 2, "fields": {"user": 3, "created": "2020-08-29T16:48:07.584Z", "updated": "2020-08-29T16:48:07.616Z", "status": "FM", "is_active": true}}, {"model": "ordersapp.order", "pk": 3, "fields": {"user": 4, "created": "2020-08-29T16:48:29.275Z", "updated": "2020-08-29T16:48:29.319Z", "status": "FM", "is_active": true}}, {"model": "ordersapp.order", "pk": 4, "fields": {"user": 1, "created": "2020-08-29T16:49:27.367Z", "updated": "2020-08-29T17:29:18.777Z", "status": "STP", "is_active": true}}, {"model": "ordersapp.order", "pk": 5, "fields": {"user": 1, "created": "2020-08-29T21:22:21.704Z", "updated": "2020-08-29T21:22:31.496Z", "status": "FM", "is_active": false}}, {"model": "ordersapp.order", "pk": 6, "fields": {"user": 1, "created": "2020-08-29T21:22:39.744Z", "updated": "2020-08-29T21:22:39.780Z", "status": "FM", "is_active": true}}, {"model": "ordersapp.order", "pk": 7, "fields": {"user": 1, "created": "2020-08-30T09:35:55.875Z", "updated": "2020-08-30T09:37:59.748Z", "status": "FM", "is_active": false}}, {"model": "ordersapp.order", "pk": 8, "fields": {"user": 1, "created": "2020-08-30T09:39:13.488Z", "updated": "2020-08-30T09:42:51.036Z", "status": "FM", "is_active": false}}, {"model": "ordersapp.order", "pk": 9, "fields": {"user": 1, "created": "2020-08-30T09:51:23.672Z", "updated": "2020-08-30T09:51:23.700Z", "status": "FM", "is_active": true}}, {"model": "ordersapp.order", "pk": 10, "fields": {"user": 1, "created": "2020-08-30T10:55:53.609Z", "updated": "2020-09-01T20:01:41.526Z", "status": "FM", "is_active": true}}, {"model": "ordersapp.order", "pk": 11, "fields": {"user": 1, "created": "2020-09-01T18:45:42.736Z", "updated": "2020-09-01T18:45:56.311Z", "status": "FM", "is_active": false}}, {"model": "ordersapp.order", "pk": 12, "fields": {"user": 1, "created": "2020-09-01T19:56:12.332Z", "updated": "2020-09-01T19:56:26.957Z", "status": "FM", "is_active": false}}, {"model": "ordersapp.order", "pk": 13, "fields": {"user": 1, "created": "2020-09-01T20:00:18.515Z", "updated": "2020-09-01T20:00:32.115Z", "status": "STP", "is_active": true}}, {"model": "ordersapp.order", "pk": 14, "fields": {"user": 1, "created": "2020-09-01T20:02:17.258Z", "updated": "2020-09-01T20:10:21.436Z", "status": "FM", "is_active": false}}, {"model": "ordersapp.orderitem", "pk": 1, "fields": {"order": 1, "product": 10, "quantity": 1}}, {"model": "ordersapp.orderitem", "pk": 2, "fields": {"order": 1, "product": 2, "quantity": 0}}, {"model": "ordersapp.orderitem", "pk": 3, "fields": {"order": 1, "product": 6, "quantity": 0}}, {"model": "ordersapp.orderitem", "pk": 4, "fields": {"order": 1, "product": 3, "quantity": 0}}, {"model": "ordersapp.orderitem", "pk": 5, "fields": {"order": 1, "product": 4, "quantity": 0}}, {"model": "ordersapp.orderitem", "pk": 6, "fields": {"order": 2, "product": 1, "quantity": 1}}, {"model": "ordersapp.orderitem", "pk": 7, "fields": {"order": 2, "product": 9, "quantity": 1}}, {"model": "ordersapp.orderitem", "pk": 8, "fields": {"order": 2, "product": 4, "quantity": 1}}, {"model": "ordersapp.orderitem", "pk": 9, "fields": {"order": 2, "product": 5, "quantity": 1}}, {"model": "ordersapp.orderitem", "pk": 10, "fields": {"order": 3, "product": 8, "quantity": 2}}, {"model": "ordersapp.orderitem", "pk": 11, "fields": {"order": 3, "product": 2, "quantity": 1}}, {"model": "ordersapp.orderitem", "pk": 12, "fields": {"order": 3, "product": 6, "quantity": 1}}, {"model": "ordersapp.orderitem", "pk": 13, "fields": {"order": 3, "product": 3, "quantity": 1}}, {"model": "ordersapp.orderitem", "pk": 14, "fields": {"order": 3, "product": 5, "quantity": 1}}, {"model": "ordersapp.orderitem", "pk": 15, "fields": {"order": 3, "product": 10, "quantity": 1}}, {"model": "ordersapp.orderitem", "pk": 16, "fields": {"order": 4, "product": 5, "quantity": 2}}, {"model": "ordersapp.orderitem", "pk": 17, "fields": {"order": 4, "product": 3, "quantity": 1}}, {"model": "ordersapp.orderitem", "pk": 18, "fields": {"order": 4, "product": 2, "quantity": 1}}, {"model": "ordersapp.orderitem", "pk": 19, "fields": {"order": 5, "product": 5, "quantity": 2}}, {"model": "ordersapp.orderitem", "pk": 20, "fields": {"order": 5, "product": 3, "quantity": 2}}, {"model": "ordersapp.orderitem", "pk": 21, "fields": {"order": 5, "product": 2, "quantity": 1}}, {"model": "ordersapp.orderitem", "pk": 22, "fields": {"order": 5, "product": 6, "quantity": 2}}, {"model": "ordersapp.orderitem", "pk": 23, "fields": {"order": 5, "product": 8, "quantity": 1}}, {"model": "ordersapp.orderitem", "pk": 24, "fields": {"order": 6, "product": 5, "quantity": 2}}, {"model": "ordersapp.orderitem", "pk": 25, "fields": {"order": 6, "product": 3, "quantity": 2}}, {"model": "ordersapp.orderitem", "pk": 26, "fields": {"order": 6, "product": 2, "quantity": 1}}, {"model": "ordersapp.orderitem", "pk": 27, "fields": {"order": 6, "product": 6, "quantity": 2}}, {"model": "ordersapp.orderitem", "pk": 28, "fields": {"order": 6, "product": 8, "quantity": 1}}, {"model": "ordersapp.orderitem", "pk": 29, "fields": {"order": 7, "product": 7, "quantity": 3}}, {"model": "ordersapp.orderitem", "pk": 30, "fields": {"order": 7, "product": 6, "quantity": 1}}, {"model": "ordersapp.orderitem", "pk": 31, "fields": {"order": 8, "product": 7, "quantity": 3}}, {"model": "ordersapp.orderitem", "pk": 32, "fields": {"order": 8, "product": 6, "quantity": 1}}, {"model": "ordersapp.orderitem", "pk": 33, "fields": {"order": 9, "product": 4, "quantity": 1}}, {"model": "ordersapp.orderitem", "pk": 34, "fields": {"order": 9, "product": 8, "quantity": 1}}, {"model": "ordersapp.orderitem", "pk": 35, "fields": {"order": 9, "product": 6, "quantity": 1}}, {"model": "ordersapp.orderitem", "pk": 36, "fields": {"order": 10, "product": 4, "quantity": 1}}, {"model": "ordersapp.orderitem", "pk": 37, "fields": {"order": 10, "product": 8, "quantity": 1}}, {"model": "ordersapp.orderitem", "pk": 38, "fields": {"order": 10, "product": 6, "quantity": 1}}, {"model": "ordersapp.orderitem", "pk": 39, "fields": {"order": 11, "product": 3, "quantity": 2}}, {"model": "ordersapp.orderitem", "pk": 40, "fields": {"order": 11, "product": 6, "quantity": 2}}, {"model": "ordersapp.orderitem", "pk": 41, "fields": {"order": 11, "product": 7, "quantity": 2}}, {"model": "ordersapp.orderitem", "pk": 42, "fields": {"order": 11, "product": 10, "quantity": 2}}, {"model": "ordersapp.orderitem", "pk": 43, "fields": {"order": 12, "product": 3, "quantity": 1}}, {"model": "ordersapp.orderitem", "pk": 44, "fields": {"order": 12, "product": 6, "quantity": 2}}, {"model": "ordersapp.orderitem", "pk": 45, "fields": {"order": 12, "product": 7, "quantity": 2}}, {"model": "ordersapp.orderitem", "pk": 46, "fields": {"order": 12, "product": 10, "quantity": 1}}, {"model": "ordersapp.orderitem", "pk": 47, "fields": {"order": 12, "product": 1, "quantity": 3}}, {"model": "ordersapp.orderitem", "pk": 48, "fields": {"order": 13, "product": 3, "quantity": 1}}, {"model": "ordersapp.orderitem", "pk": 49, "fields": {"order": 13, "product": 6, "quantity": 1}}, {"model": "ordersapp.orderitem", "pk": 50, "fields": {"order": 13, "product": 7, "quantity": 1}}, {"model": "ordersapp.orderitem", "pk": 51, "fields": {"order": 13, "product": 10, "quantity": 1}}, {"model": "ordersapp.orderitem", "pk": 52, "fields": {"order": 10, "product": 7, "quantity": 1}}, {"model": "ordersapp.orderitem", "pk": 53, "fields": {"order": 14, "product": 3, "quantity": 1}}, {"model": "ordersapp.orderitem", "pk": 54, "fields": {"order": 14, "product": 6, "quantity": 1}}, {"model": "ordersapp.orderitem", "pk": 55, "fields": {"order": 14, "product": 7, "quantity": 1}}, {"model": "ordersapp.orderitem", "pk": 56, "fields": {"order": 14, "product": 10, "quantity": 1}}, {"model": "ordersapp.orderitem", "pk": 58, "fields": {"order": 14, "product": 4, "quantity": 7}}]